-5.4526815414,-5.328060627,1.3334797621,0.4490101,0.018353
-5.4526815414,-5.328060627,1.3334797621,0.4490101,0.018353
-5.4526815414,-5.328060627,1.3334797621,0.4490101,0.018353
-5.4526815414,-5.328060627,1.3334797621,0.4490101,0.018353
-5.3690190315,-5.0239362717,1.3001468182,0.45229056,0.061333
-5.2986950874,-4.5296502113,1.5501455069,0.46622938,0.0649238
-5.3451886177,-4.0327253342,1.7168120146,0.45407048,0.0187116
-5.4179444313,-3.5380470753,1.7168120146,0.45900974,0.0371047
-5.4907002449,-3.0433690548,1.7168120146,0.46096256,0.000646051
-5.5780072212,-2.4497554302,1.7168120146,0.47739333,0.0590113
-5.6507630348,-1.9550774097,1.7168120146,0.47690105,0.00131414
-5.7138180733,-1.5263564587,1.7168120146,0.48167667,0.0290781
-5.7865738869,-1.0316784382,1.7168120146,0.48283169,0.0249515
-5.8593297005,-0.5369986892,1.7168120146,0.48227072,9.11377E-005
-5.9320855141,-0.0423195213,1.7168120146,0.48307997,0.0555508
-6.0048413277,0.4523596466,1.7168120146,0.48591837,0.0408606
-6.0775971413,0.9470393658,1.7168120146,0.48170662,0.0235819
-6.1503529549,1.4417176247,1.7168120146,0.48821947,0.0182245
-6.2231087685,1.9363956451,1.7168120146,0.48799795,2.19904E-007
-6.2958645821,2.4310736656,1.7168120146,0.48424339,0.064026
-6.3580927849,2.8434188366,1.6584788561,0.48286876,0.0872414
-6.3580927849,2.8434188366,1.4084802866,0.46859708,0.0930479
-6.3580927849,2.8434188366,1.2834792137,0.46666929,0.093851
-6.1765623093,3.2502117157,1.0334777832,0.4739818,0.00481999
-5.8887081146,3.6580662727,0.9418107867,0.48242381,0.00323478
-5.5718874931,4.0427131653,0.8168109655,0.48150581,0.00232772
-5.2296090126,4.4071931839,0.8168109655,0.48796844,0.00131822
-4.8873305321,4.7716732025,0.8168109655,0.49028286,0.000276296
-4.5450520515,5.1361532211,0.8168109655,0.49876282,7.33627E-006
-4.2006850243,5.4979138374,0.766811192,0.50391179,0.000378017
-3.7999787331,5.7914438248,0.5168110132,0.4971869,0.0103487
-3.3382804394,5.9761018753,0.2668103576,0.49180287,0.00549793
-2.8442966938,6.040409565,0.0168110412,0.49249676,0.152609
-2.3471596241,5.9910306931,-0.1415219903,0.48377427,0.0166105
-1.8521597385,5.9205064774,-0.1415219903,0.48649257,0.0241343
-1.3684911728,5.79504776,-0.3665211797,0.48467332,0.016859
-0.9131169319,5.5878324509,-0.4331877828,0.48143262,0.00266314
-0.4593013823,5.3779478073,-0.4331877828,0.47546875,0.0289381
-0.0054850876,5.1680631638,-0.4331877828,0.47921064,0.00738641
0.451333493,4.9666161537,-0.3498544991,0.48404384,0.0543716
0.9238340259,4.8034887314,-0.3248544037,0.48131832,0.000091082
1.4104142189,4.6919460297,-0.1998537928,0.48121336,0.066459
1.9004609585,4.5926828384,-0.1998534352,0.48177922,0.0194038
2.3905105591,4.4934196472,-0.1998534352,0.47883126,0.0187814
2.8805608749,4.394156456,-0.1998534352,0.49340338,0.00782417
3.3585548401,4.2480196953,-0.4081865847,0.49109146,0.000144423
3.7921340466,3.9981212616,-0.5665193796,0.49487451,0.0145594
4.2002706528,3.7083208561,-0.716519177,0.49125233,0.00110979
4.5310168266,3.3323373795,-0.9665192962,0.49186593,0.00603708
4.8012189865,2.9111306667,-1.0248521566,0.49532267,0.00224899
5.0089821815,2.4560141563,-1.1998517513,0.49418911,0.11846
5.1894488335,1.9895372391,-1.2248514891,0.48795295,0.00240136
5.3110766411,1.5044430494,-1.3581832647,0.49470031,0.0714612
5.4157743454,1.0154255629,-1.3831827641,0.48844197,0.0316595
5.4449052811,0.5173512697,-1.6331831217,0.49250317,0.000428906
5.3661823273,0.0242172685,-1.7581825256,0.49196315,0.113119
5.2294502258,-0.4544681907,-1.9665131569,0.49109486,0.0226354
5.0083532333,-0.901804626,-2.0915112495,0.48154688,0.00103755
4.7087497711,-1.2989453077,-2.2915115356,0.47117132,0.00747627
4.3709044456,-1.6659243107,-2.3915119171,0.46832457,0.00618854
4.0022616386,-2.0037145615,-2.3998456001,0.46810362,0.00577077
3.6336188316,-2.341501236,-2.3998456001,0.46961814,0.00372532
3.2649760246,-2.6792879105,-2.3998456001,0.46954697,0.00110194
2.8944015503,-3.0141537189,-2.4498457909,0.4718847,8.85542E-005
2.4797804356,-3.2911179066,-2.5831797123,0.47225001,0.0411277
2.0557339191,-3.5560414791,-2.5831797123,0.47569504,0.065269
1.6316841841,-3.8209650517,-2.5831797123,0.48369658,0.0088443
1.1880348921,-4.0460572243,-2.78317976,0.47809994,0.00238625
0.7042534947,-4.1677837372,-2.9331796169,0.48377758,0.0541614
0.2150734663,-4.271238327,-2.9331793785,0.4770599,0.0098356
-0.2741068006,-4.3746929169,-2.9331793785,0.48033652,0.0114548
-0.747664094,-4.5346751213,-2.7248463631,0.49357477,0.0846134
-1.2048698664,-4.7370638847,-2.7248463631,0.48925066,0.00203013
-1.6632077694,-4.9358663559,-2.7748463154,0.48776054,0.0404255
-2.1478998661,-5.0491929054,-3.0248463154,0.48806491,0.0448572
-2.6463689804,-5.0875306129,-3.0665123463,0.4880369,1.67306E-005
-3.1449594498,-5.1250386238,-3.0665118694,0.48803163,0.00043636
-3.6441147327,-5.1113433838,3.0666737556,0.48143554,0.00302078
-4.1415271759,-5.0613651276,2.9666740894,0.47603288,0.0159241
-4.6173477173,-4.9080839157,2.7166740894,0.48276678,0.117842
-5.0450954437,-4.6483359337,2.5416738987,0.48049161,0.0561587
-5.4464240074,-4.3491249084,2.4083409309,0.48824346,0.00560527
-5.7708802223,-3.9677124023,2.1583409309,0.4790054,0.0261902
-6.0262169838,-3.5370430946,2.0416734219,0.48047581,0.153174
-6.1933307648,-3.0657999516,1.7916713953,0.46836641,0.000766691
-6.2771100998,-2.5727348328,1.73333776,0.47404999,0.0194915
-6.2937521935,-2.0741906166,1.4833375216,0.46777073,0.0506339
-6.2208456993,-1.5797216892,1.416670084,0.47004351,0.000811968
-6.1440844536,-1.0856480598,1.416670084,0.46600983,0.0264578
-6.0673232079,-0.5915744305,1.416670084,0.47464606,0.0231745
-5.9905619621,-0.097501412,1.416670084,0.46881163,0.0452877
-5.9138007164,0.3965715468,1.416670084,0.47160268,0.0342392
-5.8370394707,0.8906449676,1.416670084,0.47686604,0.000213834
-5.7602782249,1.3847185373,1.416670084,0.47456688,0.0451919
-5.6835169792,1.8787921667,1.416670084,0.47213832,0.0367015
-5.6067557335,2.3728630543,1.416670084,0.4724941,0.0276797
-5.5209889412,2.8649010658,1.3250018358,0.46663588,0.011432
-5.3383469582,3.3274147511,1.0750021935,0.47372806,0.0138301
-5.0465760231,3.7294082642,0.8250018358,0.47938094,7.60552E-005
-4.6638131142,4.0458874702,0.5750020146,0.48322272,0.00598263
-4.2138605118,4.2571749687,0.3250018656,0.47733232,0.0838708
-3.7246923447,4.3501353264,0.0750023648,0.48349595,5.77538E-009
-3.225943327,4.3843994141,0.1333361417,0.48786652,0.0132966
-2.7370603085,4.4898252487,0.2250036299,0.49046421,0.0135875
-2.2496635914,4.6013765335,0.2250036299,0.48696342,0.0234432
-1.7622668743,4.7129278183,0.2250036299,0.49157277,0.0320483
-1.2748701572,4.8244791031,0.2250036299,0.49161372,0.00187389
-0.7874734402,4.9360303879,0.2250036299,0.48941588,0.0528386
-0.2015973479,5.0637664795,0.1583371311,0.48931056,0.0013305
0.3969019055,5.0720682144,-0.049995698,0.4857654,0.0291673
0.9961524606,5.0420789719,-0.0499951579,0.48701352,0.0482778
1.4955261946,5.0170879364,-0.0499948785,0.48647001,0.0436336
1.994899869,4.9920969009,-0.0499946587,0.48404264,0.0174141
2.4944632053,4.9765481949,0.0166723412,0.48651356,0.148569
2.9943912029,4.9848880768,0.0166728999,0.49168092,0.0025461
3.4943192005,4.9932279587,0.0166734587,0.49027646,0.0681566
3.9942471981,5.0015678406,0.0166740175,0.49305016,0.0469952
4.4941968918,5.0098919868,0.0166745763,0.49319211,0.0320521
4.9935793877,4.9970040321,-0.1166582108,0.49301073,0.0707727
5.4772872925,4.8716154099,-0.3666576147,0.48875201,0.00035675
5.9957838058,4.5698652267,-0.6666579247,0.4936412,0.0753123
6.344722271,4.2106781006,-0.9166572094,0.49482816,0.0714915
6.5971846581,3.7785196304,-1.1249899864,0.49659896,0.00433706
6.7690529823,3.2045938969,-1.4249882698,0.496858,0.0736776
6.7773518562,2.7059109211,-1.6749880314,0.49381161,0.0180574
6.6760497093,2.2170937061,-1.8083205223,0.49847272,0.0511925
6.5584044456,1.7311326265,-1.8083205223,0.49545231,0.000416915
6.440759182,1.2451699972,-1.8083205223,0.4952988,0.000283128
6.3231139183,0.7592073679,-1.8083205223,0.49430352,0.0584854
6.2054686546,0.2732451558,-1.8083205223,0.49285036,0.000148164
6.087823391,-0.2127165794,-1.8083205223,0.49220526,0.00766955
5.9701781273,-0.6986786127,-1.8083205223,0.49379772,0.12342
5.8525328636,-1.184641242,-1.8083205223,0.49372029,0.000264741
5.7288537025,-1.6685910225,-1.8833212852,0.49016881,0.0344865
5.5156760216,-2.1176395416,-2.1333191395,0.48349193,0.00715655
5.4478054047,-2.209428072,-2.3833191395,0.4752596,0.00576755
5.1024065018,-2.4583463669,-2.6333193779,0.46968031,0.00623078
5.1024065018,-2.4583463669,-2.8833198547,0.47420609,0.00672564
5.1024065018,-2.4583463669,-3.1333193779,0.46285766,0.00551785
5.1024065018,-2.4583463669,2.899866581,0.46810129,0.00606223
4.668170929,-2.2824721336,2.7081999779,0.45162618,0.000291905
4.2143983841,-2.0724945068,2.7081999779,0.46023816,0.0762563
3.7606258392,-1.86251688,2.7081999779,0.4637157,0.0108884
3.3068532944,-1.6525392532,2.7081999779,0.45541012,0.0117513
2.8530807495,-1.4425616264,2.7081999779,0.45807123,0.0934452
2.3993082047,-1.2325839996,2.7081999779,0.45073062,0.00239927
1.9455356598,-1.0226063728,2.7081999779,0.44843969,0.00172723
1.4917631149,-0.8126303554,2.7081999779,0.44911754,0.0327388
1.0379905701,-0.6026545167,2.7081999779,0.44426981,0.0310232
0.5842180252,-0.392678678,2.7081999779,0.45331824,0.0148264
0.1304448545,-0.1827026904,2.7081999779,0.45864886,0.000451797
-0.3233283162,0.0272734389,2.7081999779,0.45119599,0.115803
-0.7771012187,0.2372496277,2.7081999779,0.45873567,0.0148243
-1.2308738232,0.4472254813,2.7081999779,0.46227336,0.00182931
-1.684646368,0.6572013497,2.7081999779,0.46607336,0.0487472
-2.1384189129,0.8671771884,2.7081999779,0.46579024,0.005627
-2.5921914577,1.0771536827,2.7081999779,0.47368622,0.0329067
-3.0459640026,1.2871313095,2.7081999779,0.46879822,0.000493692
-3.4997365475,1.4971089363,2.7081999779,0.47239438,0.0526564
-3.9411559105,1.7327951193,2.5498671532,0.47420883,0.0737486
-4.3492774963,2.0218663216,2.5248670578,0.48081654,0.0181151
-4.7427463531,2.3311009407,2.3915345669,0.48684168,0.00135688
-5.1085710526,2.6719417572,2.3915345669,0.48963964,0.000316164
-5.474395752,3.0127825737,2.3915345669,0.49526444,1.68192E-005
-5.8402204514,3.3536233902,2.3915345669,0.49227628,1.72149E-005
-6.1908307076,3.7109758854,2.2498672009,0.49102965,0.000020743
-6.4514546394,4.1383118629,1.9998674393,0.48703268,0.0200786
-6.5987844467,4.6159629822,1.7498646975,0.49464893,0.0165965
-6.6236605644,5.114233017,1.4998664856,0.49250075,0.00106399
-6.524535656,5.6021404266,1.2498654127,0.49038419,0.00518738
-6.4962816238,5.6647605896,0.9998637438,0.48942631,0.0237287
-6.4962816238,5.6647605896,0.7498630285,0.5037204,0.0208774
-6.4816541672,5.6806154251,0.4998620749,0.48968485,0.0337697
-6.0168275833,5.8573980331,0.2498612553,0.48683771,0.00232863
-5.5237259865,5.9369497299,0.1415281892,0.48617494,0.00444827
-5.0284643173,6.0045809746,0.0998615623,0.48776323,0.0923488
-4.5289773941,6.0003418922,-0.0418046191,0.48424014,0.0574837
-4.0294141769,5.9794421196,-0.0418041721,0.48625711,0.0143852
-3.5298509598,5.958542347,-0.0418035686,0.48819527,0.104734
-3.0302877426,5.9376425743,-0.0418028384,0.48717061,0.00259348
-2.5307245255,5.9167428017,-0.0418021679,0.48684275,0.030506
-2.0311613083,5.895843029,-0.041801583,0.48965463,0.00969655
-1.5315980911,5.8749432564,-0.0418011323,0.49268639,0.00193466
-1.032034874,5.8540434837,-0.0418006852,0.49104419,0.00121509
-0.5324716568,5.8331437111,-0.0418002382,0.48582074,9.67678E-005
-0.0329084396,5.8122439384,-0.0417997912,0.48667705,0.00870809
0.4666548073,5.7913441658,-0.0417993441,0.48699087,0.00574161
0.9661977291,5.7696127892,-0.058465559,0.48843533,0.0184748
1.4561452866,5.6725077629,-0.3084647357,0.48047212,0.0813257
1.9078474045,5.4574046135,-0.5584645271,0.47729409,0.00224612
2.3102941513,5.1598367691,-0.650131464,0.4806498,0.000330651
2.7348351479,4.9012217522,-0.4334646463,0.48058489,0.0340604
3.2097706795,4.7508897781,-0.2417976707,0.48859182,0.008285
3.6952219009,4.6311702728,-0.2417966723,0.49052665,0.00398326
4.180680275,4.511446476,-0.2417960763,0.49415129,0.0403944
4.666138649,4.3917269707,-0.2417960763,0.49497813,0.00781759
5.151597023,4.2720074654,-0.2417960763,0.49297187,0.00186668
5.7119112015,4.0591521263,-0.5001288056,0.49301428,0.00111691
6.1150822639,3.7622787952,-0.7501285076,0.49651644,0.00691046
6.4331021309,3.3754980564,-1.0001271963,0.49563265,0.000934314
6.6461949348,2.9228579998,-1.250125289,0.49840569,0.0357536
6.7411184311,2.4325006008,-1.5001242161,0.49697676,0.0713131
6.7722606659,1.9334733486,-1.5084576607,0.49381304,0.00183935
6.7693986893,1.4336180687,-1.5917907953,0.49781752,0.135336
6.758898735,0.9337291718,-1.5917907953,0.49612021,0.0164099
6.7483987808,0.4338388443,-1.5917907953,0.49437252,0.0514187
6.7378988266,-0.0660509616,-1.5917907953,0.49579558,0.103304
6.7273988724,-0.5659407973,-1.5917907953,0.49579677,0.0107351
6.7168989182,-1.0658310652,-1.5917907953,0.49355736,0.0843309
6.7063989639,-1.5657197237,-1.5917907953,0.4932453,0.00628232
6.6958990097,-2.0656087399,-1.5917907953,0.49494189,0.101854
6.6853990555,-2.5655009747,-1.5917907953,0.496636,0.0412307
6.6378192902,-3.1620707512,-1.7751233578,0.49534848,0.0421003
6.4745717049,-3.6319184303,-2.0251216888,0.49767545,0.0193111
6.1611676216,-4.1422719955,-2.1417891979,0.49647617,0.00374948
5.8909296989,-4.56295681,-2.1417891979,0.49869671,0.0143993
5.6070785522,-4.9727187157,-2.2667901516,0.49523979,0.064683
5.2407035828,-5.3079915047,-2.51679039,0.49271721,0.0586269
4.8020133972,-5.5415039063,-2.7667908669,0.4858796,0.0013125
4.3182830811,-5.6587400436,-3.01679039,0.48523542,0.0632771
3.8188760281,-5.669046402,3.1330618858,0.48029172,0.0817735
3.3194737434,-5.6502223015,3.0247292519,0.48128504,0.0156124
2.8341994286,-5.5306520462,2.8413963318,0.47064415,0.0174202
2.3566849232,-5.3820009232,2.824729681,0.47574595,0.0183702
1.8981473446,-5.1824598312,2.7413964272,0.45673069,0.00729115
1.4214849472,-5.0345678329,2.8663966656,0.47538364,0.0612335
0.9402999878,-4.8986978531,2.8663966656,0.47453672,0.0162501
0.4485976696,-4.813557148,3.0080640316,0.48357645,0.00292924
-0.0469514169,-4.7469954491,3.0080640316,0.48214459,0.00699951
-0.5425004363,-4.6804337502,3.0080640316,0.48662803,0.00029868
-1.0380494595,-4.6138720512,3.0080640316,0.48305678,0.0854146
-1.5336000919,-4.5473103523,3.0080640316,0.48241526,0.0221636
-2.0291507244,-4.4807486534,3.0080640316,0.48332742,0.00903635
-2.5247013569,-4.4141869545,3.0080640316,0.48421052,0.000626584
-3.0202519894,-4.3476252556,3.0080640316,0.48466709,7.60802E-005
-3.5158026218,-4.2810635567,3.0080640316,0.48286054,0.0802673
-4.0113530159,-4.2145018578,3.0080640316,0.48095593,0.0279138
-4.5084047318,-4.1667442322,3.13306427,0.48672479,0.0284873
-5.0034794807,-4.230884552,-2.9001204967,0.4893125,0.0737017
-5.48102808,-4.379737854,-2.8334541321,0.48433974,1.88757E-008
-5.9565405846,-4.5350651741,-2.7834539413,0.48894686,0.0457976
-6.3971915245,-4.7722430229,-2.5334541798,0.48993257,0.00038816
-6.766371727,-5.110581398,-2.283454895,0.49196985,0.00436007
-7.0411252975,-5.5290436745,-2.0334532261,0.49751157,0.0105601
-7.2043647766,-6.0016121864,-1.7834528685,0.49625435,0.0281949
-7.2509541512,-6.4988894463,-1.6001198292,0.49369445,0.000283415
-7.2552142143,-6.6321706772,-1.4167869091,0.49247959,2.55272E-005
-7.2552142143,-6.6321706772,-1.1667850018,0.49332157,3.15442E-005
-7.2552142143,-6.6321706772,-0.9167835712,0.48951676,0.000009396
-7.0203075409,-6.8681225777,-0.6667829156,0.49319857,0.00881838
-7.0203075409,-6.8681225777,-0.4167830944,0.48419005,0.00771848
-7.0203075409,-6.8681225777,-0.1667822003,0.47697714,0.00688622
-6.7205238342,-6.8649659157,0.049885001,0.47713214,0.0163341
-6.2211465836,-6.8400321007,0.0498854481,0.47650072,0.000517029
-5.7217693329,-6.8150982857,0.0498858988,0.47890314,0.0507108
-5.2223920822,-6.7901644707,0.0498863459,0.47990996,0.0380814
-4.7230148315,-6.7652306557,0.0498867929,0.47892576,0.0253948
-4.2236375809,-6.7402968407,0.0498872437,0.47907794,0.141051
-3.7242603302,-6.7153630257,0.049887687,0.47926927,0.000897129
-3.2248830795,-6.6904292107,0.049888134,0.47980928,0.0747546
-2.7255058289,-6.6654953957,0.0498885848,0.48324221,0.0275087
-2.2261285782,-6.6405615807,0.0498887822,0.48012319,0.0212076
-1.7267513275,-6.6156277657,0.0498887822,0.48005569,0.0274924
-1.2273740768,-6.5906939507,0.0498887822,0.47895932,0.000684023
-0.7279968262,-6.5657601357,0.0498887822,0.4827489,0.000839353
-0.2286190689,-6.5408263206,0.0498887822,0.48200694,7.33126E-006
0.2707589567,-6.5158925056,0.0498887822,0.48217773,0.00474899
0.7701365948,-6.4909586906,0.0498887822,0.48475507,0.0216651
1.2695138454,-6.4660248756,0.0498887822,0.48420322,0.00480213
1.7688910961,-6.4410910606,0.0498887822,0.47971267,0.0970967
2.2682683468,-6.4161572456,0.0498887822,0.47874692,0.0104615
2.7676455975,-6.3912234306,0.0498887822,0.48309839,0.0648385
3.2604222298,-6.3104562759,0.2748892605,0.48512593,0.0590949
3.7371060848,-6.1591768265,0.3082227111,0.48137203,0.000932573
4.2135419846,-6.0074996948,0.3082227111,0.49175155,0.137744
4.6899738312,-5.8558225632,0.3082227111,0.49151972,0.000969624
5.1664056778,-5.7041454315,0.3082227111,0.49372688,0.00726136
5.6313123703,-5.5197434425,0.4832223952,0.49154085,0.00742126
6.0393872261,-5.2296876907,0.7332215309,0.49396712,0.0494552
6.3638548851,-4.8482847214,0.9832203984,0.49182126,0.0309416
6.5978918076,-4.4059071541,1.1165528297,0.48584217,0.000237993
6.8611688614,-3.8667531013,1.1165528297,0.48588318,0.0162979
7.1244459152,-3.3275990486,1.1165528297,0.49229559,0.0101183
7.2941389084,-2.788264513,1.1248861551,0.44641972,0.00341858
7.2884225845,-2.3130941391,1.3748859167,0.47787002,0.00052092
7.2797842026,-1.8152440786,1.6248852015,0.48044363,0.00414805
7.1889057159,-1.325668335,1.8748841286,0.47801653,0.0203957
7.0058522224,-0.8609462976,1.9582172632,0.47288296,0.00521974
6.7791733742,-0.3054139912,1.9582172632,0.47277853,0.0675849
6.5974259377,0.1607188582,1.8748837709,0.47762626,1.62134E-005
6.4377861023,0.7393533587,1.7748826742,0.48012194,0.0646068
6.3622951508,1.2337180376,1.7165489197,0.48585021,6.23591E-005
6.2896823883,1.7284175158,1.7165489197,0.48335329,0.0596536
6.2170696259,2.2231168747,1.7165489197,0.48316744,0.00220604
6.1444568634,2.7178163528,1.7165489197,0.4796474,0.00471875
6.071844101,3.212515831,1.7165489197,0.48362505,0.0715597
5.9046473503,3.7850379944,1.9998818636,0.47720331,0.0112685
5.6404838562,4.20581007,2.2498810291,0.46795663,0.0805362
5.279882431,4.5472764969,2.4998819828,0.47425702,0.0696442
4.8641490936,4.8240666389,2.5665490627,0.48154092,0.00846889
4.4190802574,5.0488400459,2.7082154751,0.47628248,0.00103872
3.9652493,5.2584309578,2.7165489197,0.48116347,0.0523893
3.399823904,5.456808567,2.8248822689,0.47599852,0.000187532
2.9143540859,5.5744395256,2.9165496826,0.47950625,0.0296022
2.4269645214,5.6860194206,2.9165501595,0.47461128,0.109464
1.9395744801,5.7975993156,2.9165501595,0.47419056,5.62284E-005
1.4521813393,5.9091792107,2.9165501595,0.47633144,0.0306238
0.9647881985,6.0207591057,2.9165501595,0.46705747,0.0473433
0.4773951173,6.1323390007,2.9165501595,0.4700191,0.0102079
-0.0099971909,6.2439188957,2.9165501595,0.47676694,0.0194268
-0.4973894954,6.3554987907,2.9165501595,0.47614375,0.00742436
-0.9847826362,6.4670786858,2.9165501595,0.46999109,0.0300938
-1.4742242098,6.5662436485,3.0165505409,0.47101331,0.000309772
-1.9734678268,6.5891623497,3.1082174778,0.47386453,4.78156E-005
-2.4732372761,6.5875177383,-3.1083006859,0.47391963,0.013339
-2.9729578495,6.5708808899,-3.108300209,0.47802952,1.19408E-005
-3.4726784229,6.5542440414,-3.1082997322,0.46985441,0.000226774
-3.9723989964,6.537607193,-3.1082992554,0.47082421,0.000199807
-4.4721198082,6.5209703445,-3.1082987785,0.47708938,0.000423385
-4.9709472656,6.4897918701,-2.9999649525,0.47616297,0.0310872
-5.4514746666,6.352391243,-2.7499647141,0.46954712,0.00886393
-5.884059906,6.1006569862,-2.4999651909,0.46767691,0.011384
-6.2418079376,5.7502417564,-2.2499656677,0.4723689,0.0116231
-6.5024733543,5.3229308128,-1.9999654293,0.47671199,0.0187125
-6.6862444878,4.857550621,-1.9332990646,0.47675592,0.039933
-6.8158731461,4.3745012283,-1.7999652624,0.47220063,0.00907295
-6.9151377678,3.884488821,-1.6832978725,0.47876516,0.000149052
-6.9519124031,3.3858082294,-1.6416317225,0.47796851,0.00152753
-6.987303257,2.8870604038,-1.6416317225,0.47181091,0.0388799
-7.0226941109,2.3883125782,-1.6416317225,0.46942607,0.0401334
-7.0580849648,1.8895647526,-1.6416317225,0.4706775,0.0242054
-7.0934758186,1.390816927,-1.6416317225,0.47859499,0.0867293
-7.1288666725,0.8920695186,-1.6416317225,0.47242814,9.55488E-008
-7.1642575264,0.3933234811,-1.6416317225,0.47016373,0.0621043
-7.1548290253,-0.1056866124,-1.4832985401,0.47160161,0.0277545
-7.1111412048,-0.6037739515,-1.4832985401,0.47514009,0.0376111
-7.0674533844,-1.1018615961,-1.4832985401,0.47422105,0.125245
-7.023765564,-1.5999478102,-1.4832985401,0.47760168,8.10054E-007
-6.9800777435,-2.0980346203,-1.4832985401,0.46442544,0.041625
-6.9363899231,-2.5961244106,-1.4832985401,0.46897301,0.000620107
-6.8409762383,-3.0848720074,-1.2582975626,0.46839246,0.0162212
-6.6278090477,-3.5339257717,-1.0082967281,0.47279727,0.0456135
-6.3221354485,-3.9279892445,-0.8832957149,0.47180131,0.100467
-5.9979405403,-4.3072500229,-0.791628778,0.46814853,0.0988505
-5.6047239304,-4.6106925011,-0.5416283607,0.47772768,0.101651
-5.1478457451,-4.806789875,-0.2916283309,0.48408449,5.7359E-006
-4.6557126045,-4.8833503723,-0.0416277647,0.48245794,0.0658215
-4.1570005417,-4.852118969,0.0917058289,0.47569221,0.0199431
-3.6583514214,-4.822968483,-0.0249605868,0.47558889,0.00579606
-3.1601727009,-4.8658084869,-0.0916271433,0.48436335,0.0569936
-2.662268877,-4.9115562439,-0.0916271433,0.47689554,0.00100302
-2.1643650532,-4.9573040009,-0.0916271433,0.47981694,0.0818058
-1.6664612293,-5.0030517578,-0.0916271433,0.48362756,0.0373987
-1.1685574055,-5.0487995148,-0.0916271433,0.48318565,0.01835
-0.6706547737,-5.0945472717,-0.0916271433,0.48175105,0.0139489
-0.1727522165,-5.1402950287,-0.0916271433,0.48077777,0.000152366
0.3251503706,-5.1860427856,-0.0916271433,0.48243245,0.0203802
0.8230527043,-5.2317905426,-0.0916271433,0.48544315,0.017416
1.3209910393,-5.2767081261,-0.0749604553,0.48269328,0.0498402
1.8189589977,-5.2455396652,0.1750400215,0.48074934,0.056274
2.2975282669,-5.1007342339,0.3417069614,0.48242536,0.000251371
2.7605388165,-4.9112653732,0.4833735824,0.48127234,0.0530736
3.1685712337,-4.6211495399,0.7333730459,0.48628414,0.0844139
3.5219278336,-4.2668542862,0.7917066813,0.48631158,0.0842506
3.8732471466,-3.9110736847,0.7917066813,0.48909575,0.0827804
4.2245664597,-3.5552983284,0.7917066813,0.48213539,0.0849814
4.5758857727,-3.1995229721,0.7917066813,0.47747454,0.0861828
4.9272050858,-2.8437476158,0.7917066813,0.47992706,0.0844504
5.2785243988,-2.4879722595,0.7917066813,0.48498121,0.0816113
5.6205248833,-2.1223795414,0.9000402093,0.48576728,0.0763344
5.8776044846,-1.6929210424,1.1500384808,0.48428822,0.00701559
6.0209679604,-1.2140939236,1.4000376463,0.48063067,0.00723573
6.0417056084,-0.7156692147,1.6500365734,0.48769385,0.150302
5.9385237694,-0.2286365926,1.9000353813,0.47514468,0.0145835
5.7244501114,0.2213392109,2.0666999817,0.47618094,0.0103634
5.486541748,0.6611087918,2.0666999817,0.47394171,8.60481E-005
5.2486333847,1.1008780003,2.0666999817,0.47325805,0.0640866
5.0107250214,1.5406458378,2.0666999817,0.47732079,0.0201842
4.772816658,1.9804136753,2.0666999817,0.47353569,0.00011434
4.5349082947,2.4201815128,2.0666999817,0.46947408,0.054007
4.2969999313,2.8599493504,2.0666999817,0.47420311,0.0766639
4.059091568,3.2997171879,2.0666999817,0.46997422,0.00177798
3.821177721,3.7394850254,2.0666999817,0.46904853,0.00459794
3.5832622051,4.1792531013,2.0666999817,0.46986482,0.0599114
3.339931488,4.615193367,2.1417002678,0.4676677,0.00833281
3.0480561256,5.0206284523,2.2000339031,0.47371173,0.00638534
2.7333440781,5.4064011574,2.3583664894,0.47459152,0.0184091
2.3375651836,5.7065081596,2.6083672047,0.47116074,0.00679154
1.8790237904,5.898747921,2.8583674431,0.47663969,0.0103126
1.3865042925,5.9761528969,3.0500347614,0.48624814,0.117343
0.8885973096,6.0218720436,3.0500352383,0.47256237,0.000773957
0.3906916976,6.0675911903,3.0500357151,0.47717956,0.0725503
-0.1072141454,6.1133103371,3.0500361919,0.47627056,0.0157927
-0.7047010064,6.1681733131,3.0500366688,0.47690618,0.0056815
-1.3021888733,6.2230362892,3.0500371456,0.46964949,0.00342715
-1.8000962734,6.2687554359,3.0500376225,0.4728153,0.0367348
-2.2980015278,6.3144745827,3.0500380993,0.47568694,0.00071059
-2.7959053516,6.3601937294,3.0500385761,0.48163927,0.0807619
-3.2938091755,6.4059128761,3.050039053,0.46968621,0.0355023
-3.7917129993,6.4516320229,3.0500395298,0.4724845,0.0229402
-4.2896170616,6.4973511696,3.0500400066,0.47804493,0.022819
-4.7875208855,6.5430703163,3.0500404835,0.48762786,9.52819E-005
-5.2854247093,6.5887861252,3.0500409603,0.48750949,0.0114274
-5.7833285332,6.6344909668,3.0500414371,0.49516097,0.0137833
-6.2822551727,6.6451106071,-3.0581433773,0.49599969,0.0322412
-6.7697253227,6.5358181,-2.8081433773,0.49760485,0.00196223
-7.2160048485,6.3095402718,-2.5581438541,0.49109876,0.0115744
-7.5933480263,5.9803495407,-2.3081438541,0.49326539,0.00375676
-7.8782930374,5.5687103271,-2.0581445694,0.47572595,0.0256628
-8.0732097626,5.1078557968,-1.9498114586,0.46646386,0.00194269
-8.2444581985,4.6378479004,-1.8331449032,0.46493977,0.0438899
-8.3106803894,4.143029213,-1.5831459761,0.46628773,2.15976E-006
-8.2786865234,3.6442713737,-1.4914798737,0.46951351,0.00370899
-8.2390613556,3.1458454132,-1.4914798737,0.47265521,0.0438515
-8.1994361877,2.6474194527,-1.4914798737,0.47738487,0.0014529
-8.1598110199,2.1489934921,-1.4914798737,0.46941021,0.136855
-8.1201858521,1.650564909,-1.4914798737,0.47287151,0.026872
-8.0805606842,1.1521353722,-1.4914798737,0.47547373,0.0379999
-8.0409355164,0.653707087,-1.4914798737,0.4696767,0.030079
-8.0013103485,0.155279249,-1.4914798737,0.4710137,1.20222E-006
-7.9616994858,-0.3431488276,-1.4914798737,0.46268049,1.79991E-005
-7.922088623,-0.8415765762,-1.4914798737,0.47494534,0.00441219
-7.8824777603,-1.340005517,-1.4914798737,0.47881103,0.0321691
-7.8428668976,-1.8384350538,-1.4914798737,0.47069627,0.0698731
-7.8032560349,-2.3368620872,-1.4914798737,0.46447676,0.00674775
-7.7574295998,-2.834461689,-1.4164793491,0.46691108,0.0890842
-7.6614341736,-3.3250453472,-1.3748114109,0.47690797,0.00101281
-7.5640735626,-3.8154747486,-1.3748114109,0.48061937,0.0136147
-7.4667129517,-4.3058996201,-1.3748114109,0.48757309,0.105571
-7.3693523407,-4.7963218689,-1.3748114109,0.48968765,0.000920779
-7.2578167915,-5.2828030586,-1.2581442595,0.49191484,4.17985E-006
-7.0445795059,-5.7318229675,-1.0081425905,0.49132255,0.0572068
-6.7264380455,-6.1132011414,-0.7581416965,0.49437305,0.0435721
-6.3231730461,-6.4032230377,-0.5081406236,0.47593722,0.0730937
-5.8598585129,-6.5838594437,-0.2581405938,0.47438172,0.000920701
-5.3653011322,-6.6438770294,-0.0081397016,0.48165908,0.0433115
-4.8702487946,-6.5795445442,0.241860792,0.47744158,0.00190266
-4.3888487816,-6.4440765381,0.2751938403,0.48164225,0.00983153
-3.9076662064,-6.3082065582,0.2751938403,0.47937766,0.0947014
-3.4267122746,-6.1710047722,0.3001938462,0.47877321,0.000778178
-2.9608502388,-5.9885864258,0.3835269213,0.48212263,0.0180438
-2.497171402,-5.80148983,0.3835269213,0.48337835,0.0137484
-2.0334925652,-5.6143932343,0.3835269213,0.48307678,0.0391995
-1.5698170662,-5.4272966385,0.3835269213,0.4829891,0.000683911
-1.1061418056,-5.2402000427,0.3835269213,0.48514795,0.0533426
-0.6424665451,-5.053103447,0.3835269213,0.48457932,0.0325635
-0.1787912846,-4.8660068512,0.3835269213,0.4801296,9.76257E-005
0.2848840058,-4.6789102554,0.3835269213,0.48199123,0.0426549
0.7485592961,-4.4918136597,0.3835269213,0.48283562,0.0304132
1.2122346163,-4.3047170639,0.3835269213,0.48339239,0.00388446
1.6759098768,-4.1176204681,0.3835269213,0.48432085,0.0062617
2.1395862103,-3.9305238724,0.3835269213,0.4829239,0.134628
2.6032650471,-3.7434272766,0.3835269213,0.48279303,0.00191786
3.0669438839,-3.5563306808,0.3835269213,0.48094758,0.0256722
3.5306227207,-3.3692340851,0.3835269213,0.47906217,0.00076428
3.9943015575,-3.1821374893,0.3835269213,0.48275036,0.0421639
4.4579734802,-2.9950408936,0.3835269213,0.49125281,4.21339E-005
4.9156517982,-2.792778492,0.5001938343,0.49128154,0.0678057
5.3523869514,-2.5493340492,0.5085271597,0.49315563,0.0533386
5.7852096558,-2.2980310917,0.591860652,0.49391297,9.98663E-005
6.1597962379,-1.9657012224,0.8418607116,0.49100739,0.000132517
6.4412884712,-1.5517097712,1.0918599367,0.48498642,0.0113041
6.6121835709,-1.081797123,1.3418588638,0.4793613,0.0283016
6.7032194138,-0.5900441408,1.3918579817,0.48200259,0.0269928
6.7922115326,-0.0980276018,1.3918579817,0.48655567,0.0369613
6.8812036514,0.3939888775,1.3918579817,0.48290539,0.00610042
6.9701957703,0.8860059381,1.3918579817,0.48720261,5.82413E-005
7.0591878891,1.3780231476,1.3918579817,0.48534998,0.0769349
7.1481800079,1.8700404167,1.3918579817,0.48459256,0.0345735
7.2351164818,2.3625245094,1.4335241318,0.48458144,0.000800744
7.2391581535,2.8612248898,1.6835246086,0.48099157,0.00512249
7.1357059479,3.3496758938,1.8085241318,0.48130116,0.000758476
7.0179605484,3.8356134892,1.8085241318,0.48278201,0.06911
6.8605256081,4.2928242683,2.0085225105,0.4785234,0.013422
6.8605256081,4.2928242683,2.2585215569,0.47251868,0.0124956
6.6802601814,4.4505162239,2.5085220337,0.47002608,0.00651747
6.2435460091,4.6876649857,2.7585222721,0.48618406,0.00858234
5.9737758636,4.7674050331,3.0085227489,0.47800985,0.00264367
5.9737758636,4.7674050331,-3.0246620178,0.47302181,0.00300274
5.9737758636,4.7674050331,-2.7746617794,0.47467619,0.00288098
5.9737758636,4.7674050331,-2.5246620178,0.46544626,0.0035944
5.644985199,4.4490695,-2.3329956532,0.46247759,0.00161383
5.3241944313,4.0648026466,-2.1579957008,0.47108164,0.00185152
5.0573244095,3.6418318748,-2.1329958439,0.47841099,0.0197273
4.7908058167,3.2187867165,-2.1329958439,0.47209072,0.000076293
4.5242872238,2.7957415581,-2.1329958439,0.47297972,0.0651027
4.257768631,2.3726963997,-2.1329958439,0.47192013,0.0391794
3.9912497997,1.9496517181,-2.1329958439,0.47108757,0.00025785
3.7247240543,1.526610136,-2.1329958439,0.47117177,0.000089344
3.4581983089,1.1035685539,-2.1329958439,0.47193849,0.0587456
3.1916725636,0.6805269718,-2.1329958439,0.46826449,0.135965
2.9251468182,0.2574848533,-2.1329958439,0.46866554,0.0198862
2.6586210728,-0.165557608,-2.1329958439,0.46766555,0.000506576
2.3920953274,-0.5885998607,-2.1329958439,0.46829239,0.0104568
2.125569582,-1.0116415024,-2.1329958439,0.47171962,0.113983
1.8590438366,-1.4346830845,-2.1329958439,0.46937752,0.0600934
1.5925180912,-1.8577246666,-2.1329958439,0.47453219,0.000210481
1.3259923458,-2.2807686329,-2.1329958439,0.46744415,0.00415747
1.0594666004,-2.7038137913,-2.1329958439,0.47623295,0.0170913
0.7929422855,-3.1268589497,-2.1329958439,0.47593501,0.0478432
0.5264183283,-3.549904108,-2.1329958439,0.47779039,0.000000326
0.259894371,-3.9729492664,-2.1329958439,0.48699436,0.0283606
-0.0066299094,-4.3959941864,-2.1329958439,0.49785417,0.00777316
-0.2731541693,-4.8190393448,-2.1329958439,0.49372056,0.00671585
-0.5611955523,-5.2251691818,-2.2913298607,0.49989745,0.00416143
-0.9054365754,-5.5874004364,-2.3329963684,0.49940011,0.00207558
-1.2787737846,-5.9157013893,-2.5329966545,0.50167745,0.00506528
-1.7212496996,-6.1420431137,-2.7829971313,0.49454802,0.018956
-2.2068817616,-6.2514076233,-3.0329964161,0.49186724,0.0128292
-2.7054769993,-6.2369952202,3.0001893044,0.49238926,0.00269043
-3.1861886978,-6.1004757881,2.7668566704,0.47878742,0.0577021
-3.6495518684,-5.9117054939,2.7001900673,0.48135239,0.0105543
-4.0730009079,-5.6449651718,2.525190115,0.47770092,0.000231712
-4.4809827805,-5.3559160233,2.525190115,0.48247403,0.0209238
-4.888964653,-5.0668668747,2.525190115,0.47814634,0.0253474
-5.2969465256,-4.7778177261,2.525190115,0.4830617,0.000456114
-5.7049283981,-4.4887685776,2.525190115,0.48971868,0.0294771
-6.0830078125,-4.1608452797,2.3668577671,0.48834652,0.0461908
-6.4403066635,-3.8110852242,2.3668577671,0.4948366,0.0503648
-6.7976055145,-3.4613251686,2.3668577671,0.49403605,0.0520429
-7.1549043655,-3.1115651131,2.3668577671,0.4962388,0.0542515
-7.501595974,-2.7504980564,2.2501912117,0.49958658,0.0544963
-7.8117899895,-2.3577244282,2.1835243702,0.49695534,0.0278469
-8.0436515808,-1.9142855406,1.9335237741,0.50000948,0.00343958
-8.1590738297,-1.4281805754,1.6835225821,0.49149978,0.155053
-8.1697292328,-0.9285176992,1.5668557882,0.49610966,0.0137666
-8.167755127,-0.4285217524,1.5668557882,0.49686465,0.053814
-8.1657810211,0.0714742765,1.5668557882,0.49362969,0.0916635
-8.1638069153,0.5714702606,1.5668557882,0.49301434,0.0137902
-8.1618328094,1.0714662075,1.5668557882,0.49331206,0.0834339
-8.1598587036,1.5714621544,1.5668557882,0.49298128,0.00390404
-8.1578845978,2.0714585781,1.5668557882,0.50128806,0.122542
-8.1559104919,2.5714581013,1.5668557882,0.49624535,0.0428221
-8.1539363861,3.0714576244,1.5668557882,0.49615335,0.0258328
-8.1346244812,3.5706958771,1.4835230112,0.49773255,0.148421
-8.0910511017,4.0687937737,1.4835230112,0.49739349,0.000155213
-8.0227184296,4.5631742477,1.3585220575,0.49748716,0.0184356
-7.9173755646,5.0519514084,1.3585220575,0.49229938,0.00990215
-7.8120326996,5.5406985283,1.3585220575,0.49323055,0.0192475
-7.645046711,6.009203434,1.1085215807,0.4888117,0.00725672
-7.3669929504,6.420861721,0.8585209846,0.49485826,0.0794277
-6.9951591492,6.750079155,0.6085213423,0.50251478,0.0708506
-6.5526666641,6.9763875008,0.3585215211,0.49988711,8.65642E-007
-6.067027092,7.0857162476,0.1085214391,0.49652421,0.131399
-5.5684332848,7.0712666512,-0.1414780766,0.49224129,0.0394355
-5.0791425705,6.967689991,-0.2164770365,0.48416632,0.00811615
-4.5908088684,6.8603014946,-0.2164757103,0.48022667,0.0186464
-4.1024751663,6.7529129982,-0.2164757103,0.48299193,0.0059092
-3.6141414642,6.6455245018,-0.2164757103,0.48536021,0.0437559
-3.1236047745,6.5505447388,-0.1581417024,0.48824134,1.61988E-005
-2.6286892891,6.4825544357,-0.0664738119,0.48793224,0.001577
-2.1295337677,6.4535007477,-0.0581397451,0.49165037,0.0543529
-1.6303782463,6.4244470596,-0.0581390746,0.49288878,0.0093207
-1.1312227249,6.3953933716,-0.0581386052,0.49197868,0.0947115
-0.6320672035,6.3663396835,-0.058138065,0.48943353,0.0564108
-0.1329116821,6.3372859955,-0.0581372753,0.49001807,0.0144514
0.3636494279,6.2821660042,-0.2081365436,0.48760754,0.0612935
0.8528577685,6.1788544655,-0.2081365436,0.48559189,0.000041649
1.3420671225,6.0755429268,-0.2081365436,0.48188195,0.0638131
1.8312770128,5.9722313881,-0.2081365436,0.48211306,0.0592323
2.3204846382,5.8689198494,-0.2081365436,0.47968081,0.000653362
2.8096909523,5.7656083107,-0.2081365436,0.49327183,0.0375301
3.2988972664,5.662296772,-0.2081365436,0.48780611,0.0377501
3.7756927013,5.5122132301,-0.4164695442,0.48978922,0.00066872
4.201980114,5.2498645782,-0.6664690971,0.49665272,0.0876299
4.5509872437,4.8907427788,-0.9164689779,0.49357784,0.0766922
4.8010110855,4.4571771622,-1.1664665937,0.48581147,3.53873E-005
4.9365115166,3.9761259556,-1.4164649248,0.48818403,0.0764892
4.9490594864,3.4774963856,-1.6664659977,0.48960829,0.0643513
4.837875843,2.9922916889,-1.9164656401,0.48634827,0.00119083
4.6098747253,2.5506792068,-2.1664652824,0.47211927,0.0656977
4.2845954895,2.1735787392,-2.3331315517,0.46402252,0.0772402
3.937212944,1.8147101402,-2.3831317425,0.46408761,0.0768484
3.5489494801,1.5013290644,-2.4914655685,0.46613955,0.0578362
3.1165719032,1.2559674978,-2.7247991562,0.46379572,0.000236564
2.6593732834,1.0535537004,-2.7247991562,0.46380627,0.000230364
2.2021746635,0.8511385322,-2.7247991562,0.46287605,0.00990642
1.7449780703,0.6487229466,-2.7247991562,0.46299094,0.0923566
1.3031054735,0.4142175019,-2.6081321239,0.47582802,0.0225747
0.8725787401,0.1599592865,-2.6081321239,0.47181961,0.00060913
0.4420520067,-0.0942987502,-2.6081321239,0.47543213,0.0244864
0.0115255266,-0.3485569358,-2.6081321239,0.47241706,0.147213
-0.4190009236,-0.6028147936,-2.6081321239,0.47436842,0.0269409
-0.849527657,-0.8570721149,-2.6081321239,0.47774729,0.00164606
-1.2800543308,-1.1113302708,-2.6081321239,0.48026511,0.00982799
-1.7105810642,-1.3655893803,-2.6081321239,0.4805688,0.0813625
-2.1411077976,-1.6198484898,-2.6081321239,0.48121038,0.00437108
-2.571634531,-1.8741075993,-2.6081321239,0.48571664,0.0193846
-3.0021612644,-2.1283667088,-2.6081321239,0.48679888,0.001084
-3.4326879978,-2.3826258183,-2.6081321239,0.48452646,0.0149049
-3.8632147312,-2.6368849277,-2.6081321239,0.48341835,0.00413269
-4.2896676064,-2.8988816738,-2.5247988701,0.48606849,0.0583828
-4.683526516,-3.2080488205,-2.4247994423,0.4851613,0.0542867
-5.0141716003,-3.5841224194,-2.1747996807,0.48825523,0.0620102
-5.2421708107,-4.0295343399,-1.9247984886,0.49085626,0.0105765
-5.3533520699,-4.5165934563,-1.6747962236,0.49533546,0.0415478
-5.3408031464,-5.0150151253,-1.4247977734,0.49397886,0.107946
-5.3233771324,-5.097006321,-1.1747961044,0.48695922,0.0118328
-5.2018136978,-5.2894535065,-0.9247941971,0.48913103,0.0302404
-4.852804184,-5.6427564621,-0.6747935414,0.47614461,0.0371283
-4.4265141487,-5.8979973793,-0.424792856,0.48054817,0.000150638
-3.9494473934,-6.0393061638,-0.1747919768,0.478679,0.0733306
-3.4536290169,-6.1029100418,-0.1247916669,0.48101249,0.0330265
-2.9575204849,-6.165137291,-0.1247916669,0.4795602,0.00092735
-2.461411953,-6.2273645401,-0.1247916669,0.48090684,0.00578232
-1.9627151489,-6.2251820564,0.1168754175,0.48110291,0.000532386
-1.4721856117,-6.1278147697,0.2085424662,0.48217714,0.0308715
-0.9954497218,-5.9775395393,0.4168757498,0.48365238,0.0570624
-0.5510368943,-5.7476873398,0.4835421145,0.48383486,0.00288505
-0.1336955428,-5.4715104103,0.6335415244,0.48700091,0.000131677
0.2692724168,-5.175508976,0.6335415244,0.48958671,0.00778827
0.6722403765,-4.8795075417,0.6335415244,0.48445669,0.051648
1.0752083063,-4.5835061073,0.6335415244,0.48496318,0.0852604
1.4781762362,-4.287504673,0.6335415244,0.48692879,0.0611219
1.881144166,-3.9915032387,0.6335415244,0.48791891,0.0154001
2.284112215,-3.6955018044,0.6335415244,0.48507619,0.000431606
2.6870801449,-3.39950037,0.6335415244,0.4877235,0.00124526
3.0900480747,-3.1034989357,0.6335415244,0.4878343,0.0242491
3.4780008793,-2.7871220112,0.7835411429,0.48408252,0.0577871
3.798320055,-2.402412653,0.900208354,0.48337784,0.0277043
4.1090416908,-2.0106813908,0.900208354,0.48789936,0.00385614
4.4197630882,-1.6189537048,0.900208354,0.48043597,6.92487E-005
4.7304844856,-1.2272260189,0.900208354,0.48273391,0.000746599
5.0395545959,-0.8337273598,0.9418743849,0.48106074,0.0138893
5.2785372734,-0.3940417767,1.1918736696,0.48546764,0.0734594
5.4018011093,0.0901956186,1.4418721199,0.48786744,0.0288735
5.4016795158,0.5888776779,1.6918724775,0.48228684,0.0120772
5.278181076,1.0709985495,1.9418728352,0.4711065,0.0869574
5.0670213699,1.5236753225,2.0168721676,0.47027445,0.0156203
4.8513002396,1.974747777,2.0168721676,0.47172165,0.00406613
4.6355791092,2.4258236885,2.0168721676,0.47337079,0.072295
4.3677625656,2.8442640305,2.2585391998,0.47623178,0.0289312
4.0041923523,3.1825711727,2.5085389614,0.48561621,0.0339109
3.5674743652,3.4197120667,2.7585394382,0.47757581,0.0246476
3.0847604275,3.5409431458,3.0085401535,0.48029038,0.0463163
2.902122736,3.5540730953,3.1002070904,0.47502524,0.0660536
2.902122736,3.5540730953,3.1002075672,0.47503453,0.0660504
2.902122736,3.5540730953,3.1002080441,0.47503474,0.0660503
2.902122736,3.5540730953,3.1002087593,0.4750382,0.0660491
2.902122736,3.5540730953,3.1002094746,0.47502804,0.0660526
2.902122736,3.5540730953,3.1002101898,0.4750376,0.0660493
2.902122736,3.5540730953,3.1002104282,0.4750396,0.0660486
2.902122736,3.5540730953,3.1002106667,0.47504777,0.0660457
2.902122736,3.5540730953,3.1002109051,0.47505099,0.0660447
2.902122736,3.5540730953,3.1002111435,0.47504994,0.066045
2.902122736,3.5540730953,3.1002113819,0.47503638,0.0660497
2.902122736,3.5540730953,3.1002116203,0.47504306,0.0660474
2.902122736,3.5540730953,3.1002118587,0.47503999,0.0660485
2.902122736,3.5540730953,3.1002120972,0.47504169,0.0660479
